{
  "hash": "a08c8e72b02605e84366bcd8057de1cf",
  "result": {
    "engine": "knitr",
    "markdown": "---\ntitle: paper1\nauthors:\n  - name: Norah Jones\n    affiliation: The University\n    roles: writing\n    corresponding: true\nbibliography: references.bib\n---\n\n\n\n\n## Section\nThis is a simple placeholder for the manuscript's main document [@knuth84].\n\n\n\n\n::: {.cell}\n\n```{.r .cell-code .hidden}\n1 + 1\n```\n\n::: {.cell-output .cell-output-stdout}\n\n```\n[1] 2\n```\n\n\n:::\n:::\n",
    "supporting": [
      "index_files"
    ],
    "filters": [
      "rmarkdown/pagebreak.lua"
    ],
    "includes": {},
    "engineDependencies": {},
    "preserve": null,
    "postProcess": false
  }
}